start;end;Age;Gender;Do you regularly use a mobile phone for web browsing?;Please answer the following questions regarding the 4 websites that you just browsed:;Which list did you work on?;How was the browsing experience compared to your typical mobile browsing?;In terms of how the 4 websites looked, did you notice anything missing or out of the ordinary?;If you chose Yes, please specify what was missing (Check all that apply);If you chose Yes, please specify what was missing (Check all that apply)/Nothing was missing;If you chose Yes, please specify what was missing (Check all that apply)/Ads;If you chose Yes, please specify what was missing (Check all that apply)/Non-Ad Images;If you chose Yes, please specify what was missing (Check all that apply)/Text;If you chose Yes, please specify what was missing (Check all that apply)/Tweets;If you chose Yes, please specify what was missing (Check all that apply)/Videos;If you chose Yes, please specify what was missing (Check all that apply)/Layouts;If you chose Yes, please specify what was missing (Check all that apply)/Other;If you chose other, please specify;Please rate the impact of the missing component(s) on the browsing experience;In terms of how the 4 websited FUNCTIONED, did you notice anything missing or out of the ordinary?;If you chose yes, please specify what was missing;Please rate the impact of the missing component(s) on the browsing experience;Please answer the following questions regarding your typical web browsing experience in Gilgit;On average, how much time do you spend browsing the web daily?;Typically, is your web browsing experience limited by data cost?;How would you describe your typical web browsing experience?;Please indicate the extent to which you agree with the following statement: I occasionally avoid visiting certain websites because my Internet is too slow to load them.;_id;_uuid;_submission_time;_validation_status;_notes;_status;_submitted_by;_tags;_index
2021-10-06T15:23:28.144+05:00;2021-10-06T15:24:43.759+05:00;22;Male;Yes;;9;Same;No;;;;;;;;;;;;No;;;;4 hours;Yes;Slow;Strongly agree;117774976;47f6d7c4-ffc4-4d9f-aa40-84a09dac7830;2021-10-06T10:25:27;;;submitted_via_web;normal80;;3
2021-10-06T16:05:04.935+05:00;2021-10-06T16:06:02.399+05:00;23;Male;Yes;;17;Much slower;Yes;Nothing was missing;1;0;0;0;0;0;0;0;;No impact;Yes;Hfjf;No impact;;None;Yes;Very slow;Strongly agree;117783707;59807bad-1878-4dac-b451-62dced92ccd3;2021-10-06T11:06:13;;;submitted_via_web;modified90;;4
2021-10-07T09:56:50.732+05:00;2021-10-07T09:59:22.611+05:00;17;Male;No;;4;Faster;No;;;;;;;;;;;;No;;;;2 hours;Yes;Neither slow nor fast;Somewhat disagree;117921541;c3c608c2-5081-4790-922c-17f15385af81;2021-10-07T05:04:17;;;submitted_via_web;normal80;;5
2021-10-06T21:56:07.881-07:00;2021-10-06T21:58:38.243-07:00;17;Male;Yes;;1;Same;No;;;;;;;;;;;;No;;;;2 hours;Yes;Slow;Somewhat agree;117947327;7ac1b385-f28b-47fa-9c8b-04c3746da18e;2021-10-07T08:21:15;;;submitted_via_web;normal80;;6
2021-10-06T22:15:19.096-07:00;2021-10-06T22:17:38.180-07:00;16;Male;Yes;;4;Same;No;;;;;;;;;;;;No;;;;2 hours;Yes;Slow;Strongly agree;117947336;24d1ec33-5ae9-496c-bd21-78ec5aeed30c;2021-10-07T08:21:18;;;submitted_via_web;normal80;;7
2021-10-06T22:28:32.273-07:00;2021-10-06T22:31:47.324-07:00;17;Male;No;;18;Same;No;;;;;;;;;;;;No;;;;1 hour;No;Neither slow nor fast;Strongly agree;117947344;1005837c-0c94-4471-ac9c-fbb2a8de033f;2021-10-07T08:21:21;;;submitted_via_web;normal80;;8
2021-10-06T22:41:40.070-07:00;2021-10-06T22:44:11.298-07:00;18;Male;No;;24;Faster;No;;;;;;;;;;;;No;;;;1 hour;No;Slow;Somewhat agree;117947352;ffe7c6be-7e27-41d5-98c8-09aed45d9889;2021-10-07T08:21:23;;;submitted_via_web;normal80;;9
2021-10-06T22:58:30.832-07:00;2021-10-06T23:03:25.224-07:00;17;Male;Yes;;3;Slower;Yes;Layouts;0;0;0;0;0;0;1;0;;High impact;Yes;Lay out of the 4 website;High impact;;2 hours;Yes;Neither slow nor fast;Neither agree nor disagree;117947358;6e93a215-c7d8-40cc-a289-bddb5569fd7d;2021-10-07T08:21:26;;;submitted_via_web;normal80;;10
2021-10-06T23:37:01.606-07:00;2021-10-06T23:40:50.547-07:00;17;Male;Yes;;9;Same;No;;;;;;;;;;;;No;;;;1 hour;Yes;Very slow;Somewhat agree;117947375;a738e614-ebfd-4037-8d84-0fa2029b25e6;2021-10-07T08:21:31;;;submitted_via_web;normal80;;11
2021-10-06T23:57:57.411-07:00;2021-10-07T00:01:14.307-07:00;16;Male;Yes;;15;Faster;No;;;;;;;;;;;;No;;;;2 hours;Yes;Neither slow nor fast;Strongly agree;117947379;fb515377-aef1-4e37-a90b-dcd8cee46057;2021-10-07T08:21:31;;;submitted_via_web;normal80;;12
2021-10-07T00:14:01.128-07:00;2021-10-07T00:15:34.288-07:00;17;Male;Yes;;21;Same;No;;;;;;;;;;;;No;;;;3 hours;No;Fast;Somewhat agree;117947383;c3951810-1eed-422a-a92f-4f1c5ac0d7b6;2021-10-07T08:21:32;;;submitted_via_web;normal80;;13
2021-10-07T00:33:12.689-07:00;2021-10-07T00:34:53.735-07:00;18;Male;Yes;;6;Same;Yes;Ads Videos;0;1;0;0;0;1;0;0;;Moderate impact;No;;;;1 hour;Yes;Slow;Somewhat agree;117947392;712b65a3-6047-4c4d-b7de-0cfdbdb25999;2021-10-07T08:21:34;;;submitted_via_web;normal80;;14
2021-10-07T00:53:53.486-07:00;2021-10-07T00:56:31.034-07:00;19;Male;Yes;;12;Same;Yes;Ads Layouts;0;1;0;0;0;0;1;0;;Slight impact;No;;;;30 minutes;No;Slow;Somewhat agree;117947399;abf936b4-11d5-42d0-8f93-49064049c20d;2021-10-07T08:21:35;;;submitted_via_web;normal80;;15
2021-10-07T01:08:13.706-07:00;2021-10-07T01:11:32.574-07:00;17;Male;Yes;;4;Slower;Yes;Non-Ad Images Layouts;0;0;1;0;0;0;1;0;;Slight impact;No;;;;5 hours or more;Yes;Very fast;Neither agree nor disagree;117947404;6e1553ec-568c-4106-9ee5-180b3b9d086c;2021-10-07T08:21:36;;;submitted_via_web;normal80;;16
2021-10-07T09:53:46.946+05:00;2021-10-07T09:55:37.797+05:00;17;Male;Yes;;5;Same;No;;;;;;;;;;;;No;;;;30 minutes;Yes;Fast;Somewhat agree;117947525;61849413-4a48-498d-b115-34f746fbdb88;2021-10-07T08:22:14;;;submitted_via_web;normal80;;17
2021-10-07T10:14:56.508+05:00;2021-10-07T10:17:39.236+05:00;16;Male;Yes;;4;Faster;No;;;;;;;;;;;;No;;;;2 hours;Yes;Neither slow nor fast;Somewhat disagree;117947528;0c9bb091-0a91-423c-8353-e0ff2a631a29;2021-10-07T08:22:15;;;submitted_via_web;normal80;;18
2021-10-07T10:28:20.119+05:00;2021-10-07T10:29:53.849+05:00;17;Male;Yes;;17;Same;No;;;;;;;;;;;;No;;;;30 minutes;Yes;Slow;Strongly agree;117947532;f215a683-6444-4147-a7fa-6c20c618483e;2021-10-07T08:22:16;;;submitted_via_web;normal80;;19
2021-10-07T10:41:52.185+05:00;2021-10-07T10:43:40.989+05:00;17;Male;Yes;;23;Much Faster;No;;;;;;;;;;;;No;;;;30 minutes;No;Neither slow nor fast;Neither agree nor disagree;117947540;a428965a-528e-4e69-bf52-02d636de8dfa;2021-10-07T08:22:17;;;submitted_via_web;normal80;;20
2021-10-07T10:56:53.428+05:00;2021-10-07T10:59:30.481+05:00;17;Male;Yes;;16;Faster;Yes;Ads;0;1;0;0;0;0;0;0;;Slight impact;No;;;;30 minutes;No;Slow;Neither agree nor disagree;117947553;68068bb4-d843-41fd-bf67-cb2ab6c524bf;2021-10-07T08:22:20;;;submitted_via_web;normal80;;21
2021-10-07T11:37:32.512+05:00;2021-10-07T11:42:57.766+05:00;17;Male;Yes;;4;Faster;Yes;Text Tweets Other;0;0;0;1;1;0;0;1;Photos;High impact;Yes;There was a continuous search there , although I waited but it didn't loaded ,so there were I guess photos were missing related to the text .;High impact;;3 hours;Yes;Slow;Strongly agree;117947563;71d6c7da-2da4-4f20-91b5-d562c5f496a6;2021-10-07T08:22:24;;;submitted_via_web;normal80;;22
2021-10-07T11:57:48.164+05:00;2021-10-07T12:00:02.863+05:00;17;Male;Yes;;10;Same;No;;;;;;;;;;;;No;;;;1 hour;Yes;Slow;Strongly agree;117947566;00f6d0f8-927d-4d34-bc35-bc87fb5241fb;2021-10-07T08:22:25;;;submitted_via_web;normal80;;23
2021-10-07T12:17:48.439+05:00;2021-10-07T12:20:14.341+05:00;18;Male;Yes;;12;Faster;Yes;Videos;0;0;0;0;0;1;0;0;;Slight impact;No;;;;4 hours;Yes;Neither slow nor fast;Somewhat agree;117947569;fd3012af-65d6-420f-9748-3c9f7c674585;2021-10-07T08:22:25;;;submitted_via_web;normal80;;24
2021-10-07T12:34:59.336+05:00;2021-10-07T12:37:04.663+05:00;17;Male;Yes;;5;Much slower;No;;;;;;;;;;;;No;;;;5 hours or more;No;Very fast;Strongly disagree;117947572;6bacaf1c-df98-461e-9ea8-254dec7bb4e3;2021-10-07T08:22:27;;;submitted_via_web;normal80;;25
2021-10-07T12:53:46.283+05:00;2021-10-07T12:55:25.993+05:00;17;Male;Yes;;11;Same;No;;;;;;;;;;;;No;;;;5 hours or more;No;Neither slow nor fast;Somewhat agree;117947582;9051b274-6122-44c2-8f1d-ab30479c7cba;2021-10-07T08:22:31;;;submitted_via_web;normal80;;26
2021-10-07T13:07:22.780+05:00;2021-10-07T13:11:19.367+05:00;18;Male;Yes;;17;Same;Yes;Ads;0;1;0;0;0;0;0;0;;Slight impact;Yes;They were too simple designed.;Slight impact;;1 hour;Yes;Slow;Somewhat agree;117947594;c285e6f7-1b78-4c7b-a709-d42f6ecb952f;2021-10-07T08:22:35;;;submitted_via_web;normal80;;27
2021-10-07T10:14:40.114+05:00;2021-10-07T10:17:30.053+05:00;17;Male;Yes;;4;Faster;Yes;Non-Ad Images Videos;0;0;1;0;0;1;0;0;;Slight impact;Yes;Videos;No impact;;3 hours;Yes;Slow;Somewhat agree;117947793;19350c82-5e68-475e-b880-09173a51cef7;2021-10-07T08:23:27;;;submitted_via_web;normal80;;28
2021-10-07T10:28:42.646+05:00;2021-10-07T10:31:35.687+05:00;17;Male;Yes;;16;Same;No;;;;;;;;;;;;No;;;;30 minutes;Yes;Slow;Somewhat agree;117947798;86b0f016-2f30-4ef7-a76b-fe33393950ce;2021-10-07T08:23:28;;;submitted_via_web;normal80;;29
2021-10-07T10:39:43.150+05:00;2021-10-07T10:42:51.662+05:00;17;Male;Yes;;22;Same;No;;;;;;;;;;;;No;;;;30 minutes;Yes;Neither slow nor fast;Somewhat agree;117947801;3ff29223-0b27-4728-b0db-efa307a6ca7f;2021-10-07T08:23:28;;;submitted_via_web;normal80;;30
2021-10-07T10:55:53.055+05:00;2021-10-07T11:01:29.487+05:00;16;Male;Yes;;1;Much Faster;Yes;Tweets Ads Non-Ad Images;0;1;1;0;1;0;0;0;;Moderate impact;Yes;The third website I go through there were too little information just compare to the ones we normally search in our mobile;Moderate impact;;1 hour;Yes;Slow;Somewhat agree;117947806;795b853c-2f02-4f70-9539-5825f1fe5475;2021-10-07T08:23:30;;;submitted_via_web;normal80;;31
2021-10-07T11:32:39.489+05:00;2021-10-07T11:37:17.000+05:00;16;Male;Yes;;4;Faster;No;;;;;;;;;;;;Yes;4th website (homeshoping)is not loading;High impact;;2 hours;Yes;Slow;Somewhat agree;117947810;e253f079-03d6-43dd-9015-9d7929bcff51;2021-10-07T08:23:30;;;submitted_via_web;normal80;;32
2021-10-07T12:00:37.618+05:00;2021-10-07T12:03:23.145+05:00;16;Male;No;;13;Slower;No;;;;;;;;;;;;No;;;;30 minutes;No;Neither slow nor fast;Somewhat agree;117947813;b69125e2-28a3-4190-9e2b-2024a88601e3;2021-10-07T08:23:31;;;submitted_via_web;normal80;;33
2021-10-07T12:13:59.553+05:00;2021-10-07T12:17:30.164+05:00;18;Male;No;;3;Slower;No;;;;;;;;;;;;No;;;;None;No;Neither slow nor fast;Somewhat agree;117947815;f22bc0b2-b99d-4283-b861-50b6f1bc5819;2021-10-07T08:23:32;;;submitted_via_web;normal80;;34
2021-10-07T12:34:46.996+05:00;2021-10-07T12:37:11.828+05:00;16;Male;Yes;;20;Faster;No;;;;;;;;;;;;No;;;;30 minutes;Yes;Neither slow nor fast;Somewhat agree;117947817;8d5691cb-544f-4995-bf52-ca5a058c82de;2021-10-07T08:23:32;;;submitted_via_web;normal80;;35
2021-10-07T12:54:04.286+05:00;2021-10-07T12:55:42.470+05:00;18;Male;Yes;;10;Same;No;;;;;;;;;;;;No;;;;3 hours;No;Fast;Neither agree nor disagree;117947821;aacc5d77-578b-4cc0-8170-33b882900015;2021-10-07T08:23:33;;;submitted_via_web;normal80;;36
2021-10-07T13:10:27.365+05:00;2021-10-07T13:12:45.344+05:00;17;Male;Yes;;16;Slower;Yes;Layouts;0;0;0;0;0;0;1;0;;Slight impact;No;;;;5 hours or more;Yes;Slow;Somewhat agree;117947823;16f7a18e-329a-4a63-9650-15118654a4ed;2021-10-07T08:23:33;;;submitted_via_web;normal80;;37
2021-10-07T09:53:01.623+05:00;2021-10-07T09:58:00.523+05:00;16;Male;Yes;;1;Much slower;No;;;;;;;;;;;;No;;;;2 hours;No;Fast;Neither agree nor disagree;117947957;a0c8ae8b-3c38-4336-a9a6-62a5f5bd8e22;2021-10-07T08:24:06;;;submitted_via_web;modified90;;38
2021-10-07T10:16:24.534+05:00;2021-10-07T10:18:57.204+05:00;16;Male;No;;5;Same;Yes;Tweets;0;0;0;0;1;0;0;0;;Slight impact;No;;;;None;No;Slow;Neither agree nor disagree;117947980;0e6d7e46-7cb5-4fc1-947d-f8c3d362bd6f;2021-10-07T08:24:12;;;submitted_via_web;modified90;;39
2021-10-07T10:28:17.490+05:00;2021-10-07T10:30:52.628+05:00;17;Male;Yes;;13;Same;No;;;;;;;;;;;;No;;;;1 hour;No;Neither slow nor fast;Neither agree nor disagree;117947984;59f68447-7914-4dca-8e72-c2323acba0d1;2021-10-07T08:24:13;;;submitted_via_web;modified90;;40
2021-10-07T09:52:29.554+05:00;2021-10-07T09:56:03.027+05:00;18;Male;Yes;;21;Same;No;;;;;;;;;;;;No;;;;3 hours;Yes;Neither slow nor fast;Strongly agree;117947988;ea82e2dd-8b4f-4efb-9cef-12aea9403ac2;2021-10-07T08:24:15;;;submitted_via_web;modified90;;41
2021-10-07T10:12:25.967+05:00;2021-10-07T10:14:43.223+05:00;18;Male;No;;1;Same;No;;;;;;;;;;;;No;;;;None;Yes;Neither slow nor fast;Neither agree nor disagree;117947990;be222102-017d-4e83-a3eb-3b22f798a53c;2021-10-07T08:24:16;;;submitted_via_web;modified90;;42
2021-10-07T10:41:22.722+05:00;2021-10-07T10:43:30.825+05:00;18;Male;Yes;;19;Faster;No;;;;;;;;;;;;No;;;;1 hour;No;Fast;Somewhat disagree;117947994;5e8bbc30-846f-421b-b241-26fceb33b1e3;2021-10-07T08:24:17;;;submitted_via_web;modified90;;43
2021-10-07T11:00:21.792+05:00;2021-10-07T11:02:44.871+05:00;17;Male;Yes;;4;Faster;No;;;;;;;;;;;;No;;;;30 minutes;Yes;Fast;Strongly agree;117948002;2e10494e-03de-4086-a7ed-4a2b2fb6c623;2021-10-07T08:24:18;;;submitted_via_web;modified90;;44
2021-10-07T10:28:29.796+05:00;2021-10-07T10:30:56.399+05:00;18;Male;Yes;;14;Faster;No;;;;;;;;;;;;No;;;;30 minutes;Yes;Neither slow nor fast;Neither agree nor disagree;117948005;46720ef3-6b5f-4181-879d-cfabc7a4c99a;2021-10-07T08:24:18;;;submitted_via_web;modified90;;45
2021-10-07T11:37:25.576+05:00;2021-10-07T11:41:48.532+05:00;17;Male;Yes;;10;Faster;Yes;Non-Ad Images;0;0;1;0;0;0;0;0;;No impact;No;;;;30 minutes;No;Neither slow nor fast;Neither agree nor disagree;117948006;a425fe02-ddd7-4ec7-942e-9b768766e53e;2021-10-07T08:24:18;;;submitted_via_web;modified90;;46
2021-10-07T10:41:31.395+05:00;2021-10-07T10:46:15.059+05:00;17;Male;Yes;;3;Faster;Yes;Ads Videos;0;1;0;0;0;1;0;0;;Slight impact;Yes;Ads and videos were missing and the websites were loading faster than they used to be.;Slight impact;;1 hour;Yes;Slow;Strongly agree;117948009;609c6ab5-553d-40d2-a687-dd02826db692;2021-10-07T08:24:19;;;submitted_via_web;modified90;;47
2021-10-07T11:53:51.334+05:00;2021-10-07T11:57:19.428+05:00;17;Male;No;;16;Slower;No;;;;;;;;;;;;No;;;;30 minutes;No;Fast;Somewhat agree;117948011;1ba8561a-97e8-46fb-b000-5d6d9c7214a6;2021-10-07T08:24:19;;;submitted_via_web;modified90;;48
2021-10-07T11:00:02.115+05:00;2021-10-07T11:03:03.384+05:00;17;Male;Yes;;5;Same;Yes;Videos Non-Ad Images;0;0;1;0;0;1;0;0;;Slight impact;No;;;;2 hours;Yes;Neither slow nor fast;Strongly agree;117948017;0fe6027a-a4ed-42a2-ae87-a8594e5d18f0;2021-10-07T08:24:21;;;submitted_via_web;modified90;;49
2021-10-07T11:37:18.565+05:00;2021-10-07T11:42:04.550+05:00;17;Male;Yes;;11;Faster;No;;;;;;;;;;;;No;;;;2 hours;Yes;Neither slow nor fast;Neither agree nor disagree;117948033;06c378da-d649-4d46-b727-5125aa1c2e36;2021-10-07T08:24:23;;;submitted_via_web;modified90;;50
2021-10-07T11:57:13.112+05:00;2021-10-07T12:00:26.582+05:00;18;Male;Yes;;4;Same;No;;;;;;;;;;;;No;;;;4 hours;Yes;Slow;Somewhat agree;117948043;85cfddd8-6256-4408-8c65-a0c86aa460b2;2021-10-07T08:24:26;;;submitted_via_web;modified90;;51
2021-10-07T12:20:45.209+05:00;2021-10-07T12:23:53.002+05:00;18;Male;Yes;;3;Slower;Yes;Text;0;0;0;1;0;0;0;0;;No impact;No;;;;30 minutes;Yes;Very slow;Somewhat agree;117948047;9e40bdc6-88aa-44b2-9ff8-ac566adc96ba;2021-10-07T08:24:27;;;submitted_via_web;modified90;;52
2021-10-07T12:39:27.838+05:00;2021-10-07T12:41:59.264+05:00;19;Male;Yes;;3;Same;Yes;Tweets;0;0;0;0;1;0;0;0;;Moderate impact;Yes;No thing;No impact;;1 hour;Yes;Neither slow nor fast;Strongly agree;117948050;a1bd1a25-f745-4416-a15e-26ff5bef54a6;2021-10-07T08:24:28;;;submitted_via_web;modified90;;53
2021-10-07T12:51:11.984+05:00;2021-10-07T12:53:25.133+05:00;17;Male;No;;8;Same;No;;;;;;;;;;;;No;;;;1 hour;No;Fast;Strongly agree;117948055;26eb81ec-b56d-4c95-9b5b-21378b2b511c;2021-10-07T08:24:29;;;submitted_via_web;modified90;;54
2021-10-07T13:14:08.134+05:00;2021-10-07T13:16:37.637+05:00;18;Male;Yes;;14;Much Faster;No;;;;;;;;;;;;No;;;;2 hours;Yes;Slow;Strongly agree;117948064;14dacdae-0d42-41c6-90de-e648166a738f;2021-10-07T08:24:31;;;submitted_via_web;modified90;;55
2021-10-07T12:16:04.870+05:00;2021-10-07T12:18:57.851+05:00;16;Male;Yes;;4;Faster;Yes;Ads;0;1;0;0;0;0;0;0;;No impact;No;;;;30 minutes;Yes;Slow;Strongly agree;117948068;a787acdf-1776-4a7d-9297-4f7b4ff68566;2021-10-07T08:24:32;;;submitted_via_web;modified90;;56
2021-10-07T12:35:46.910+05:00;2021-10-07T12:37:24.661+05:00;18;Male;Yes;;1;Same;No;;;;;;;;;;;;No;;;;4 hours;Yes;Neither slow nor fast;Somewhat agree;117948071;0fc1a8a6-43e5-4fcc-b00d-216c52c28ae9;2021-10-07T08:24:33;;;submitted_via_web;modified90;;57
2021-10-07T12:52:10.835+05:00;2021-10-07T12:55:12.072+05:00;18;Male;Yes;;7;Faster;No;;;;;;;;;;;;No;;;;4 hours;Yes;Slow;Strongly agree;117948079;86405d9c-b940-4945-9e89-37c022b32c34;2021-10-07T08:24:36;;;submitted_via_web;modified90;;58
2021-10-07T13:10:27.945+05:00;2021-10-07T13:13:11.073+05:00;17;Male;Yes;;13;Slower;No;;;;;;;;;;;;No;;;;30 minutes;Yes;Neither slow nor fast;Somewhat disagree;117948089;f0b6e5a6-34f4-4ab2-b51b-1fbc2669a2fb;2021-10-07T08:24:43;;;submitted_via_web;modified90;;59
2021-10-07T09:56:42.729+05:00;2021-10-07T12:57:26.412+05:00;18;Male;No;;3;Much Faster;No;;;;;;;;;;;;No;;;;30 minutes;Yes;Neither slow nor fast;Strongly agree;117948112;f399e228-d1dd-4d86-89c5-af918a9eafe9;2021-10-07T08:25:00;;;submitted_via_web;modified90;;60
2021-10-07T10:11:56.131+05:00;2021-10-07T10:14:49.312+05:00;17;Male;Yes;;9;Faster;No;;;;;;;;;;;;No;;;;5 hours or more;No;Slow;Strongly agree;117948117;2cca8192-1626-4507-855b-cc8f9cb8fa48;2021-10-07T08:25:04;;;submitted_via_web;modified90;;61
2021-10-07T10:27:58.316+05:00;2021-10-07T10:30:27.001+05:00;18;Male;Yes;;15;Much Faster;No;;;;;;;;;;;;No;;;;1 hour;Yes;Neither slow nor fast;Strongly agree;117948122;286fb16c-ab22-46f2-a3fd-86b78e4ed7e1;2021-10-07T08:25:05;;;submitted_via_web;modified90;;62
2021-10-07T10:43:28.034+05:00;2021-10-07T10:45:39.870+05:00;19;Male;Yes;;21;Slower;Yes;Ads Layouts Videos;0;1;0;0;0;1;1;0;;High impact;No;;;;2 hours;Yes;Slow;Strongly agree;117948127;05a72828-aa2e-4d03-b714-262f7d6681e2;2021-10-07T08:25:09;;;submitted_via_web;modified90;;63
2021-10-07T11:00:12.697+05:00;2021-10-07T11:02:43.161+05:00;16;Male;Yes;;6;Faster;No;;;;;;;;;;;;No;;;;1 hour;Yes;Neither slow nor fast;Strongly agree;117948141;f69fb8f5-325f-4502-8838-4983efedccf7;2021-10-07T08:25:13;;;submitted_via_web;modified90;;64
2021-10-07T11:37:14.927+05:00;2021-10-07T11:41:18.896+05:00;18;Male;No;;12;Faster;Yes;Non-Ad Images;0;0;1;0;0;0;0;0;;Slight impact;Yes;Some images are missing;Slight impact;;None;No;Slow;Somewhat agree;117948161;f4fec360-298c-486e-9d26-83331e5e2409;2021-10-07T08:25:18;;;submitted_via_web;modified90;;65
2021-10-07T11:54:02.906+05:00;2021-10-07T11:57:18.901+05:00;17;Male;Yes;;4;Slower;No;;;;;;;;;;;;No;;;;3 hours;Yes;Slow;Strongly agree;117948171;ac0034d8-cd30-4a22-9cd2-890d768e11b9;2021-10-07T08:25:20;;;submitted_via_web;modified90;;66
2021-10-07T12:20:33.169+05:00;2021-10-07T12:22:56.293+05:00;16;Male;Yes;;24;Faster;No;;;;;;;;;;;;No;;;;2 hours;Yes;Neither slow nor fast;Neither agree nor disagree;117948184;b01b0f84-8014-4876-97ba-b3d059bf42f4;2021-10-07T08:25:24;;;submitted_via_web;modified90;;67
2021-10-07T12:53:59.350+05:00;2021-10-07T12:56:45.378+05:00;18;Male;No;;9;Faster;Yes;Non-Ad Images Ads Layouts;0;1;1;0;0;0;1;0;;High impact;Yes;One of the websites was missing most of the templates.;Slight impact;;3 hours;Yes;Very slow;Strongly agree;117948202;bf615f25-4cd2-4256-9d9b-20ff76d344f0;2021-10-07T08:25:29;;;submitted_via_web;modified90;;68
2021-10-07T13:14:41.142+05:00;2021-10-07T13:16:54.431+05:00;18;Male;Yes;;15;Faster;No;;;;;;;;;;;;No;;;;1 hour;Yes;Slow;Somewhat agree;117948204;dcf9fd10-5c11-403f-b87e-e488917f89de;2021-10-07T08:25:30;;;submitted_via_web;modified90;;69
2021-10-07T13:50:46.359+05:00;2021-10-07T13:53:57.968+05:00;16;Female;Yes;;23;Faster;No;;;;;;;;;;;;No;;;;1 hour;Yes;Slow;Somewhat agree;117972155;9f570c5c-8992-41a4-bb93-6d99aa896424;2021-10-07T10:40:17;;;submitted_via_web;normal80;;70
2021-10-07T14:11:56.330+05:00;2021-10-07T14:15:35.030+05:00;16;Female;Yes;;2;Same;No;;;;;;;;;;;;No;;;;1 hour;No;Neither slow nor fast;Somewhat disagree;117972158;9fdd911e-b303-4888-88eb-af0c63dc4f28;2021-10-07T10:40:18;;;submitted_via_web;normal80;;71
2021-10-07T14:32:10.787+05:00;2021-10-07T14:34:58.634+05:00;16;Female;Yes;;2;Faster;No;;;;;;;;;;;;No;;;;30 minutes;Yes;Fast;Strongly agree;117972165;9b31c86e-e517-4644-a45d-08d4795fce63;2021-10-07T10:40:22;;;submitted_via_web;normal80;;72
2021-10-07T14:43:51.991+05:00;2021-10-07T14:47:25.707+05:00;17;Female;Yes;;1;Faster;No;;;;;;;;;;;;No;;;;30 minutes;No;Fast;Somewhat disagree;117972167;ca5d2656-a1cd-47a8-9787-edff40dfaffc;2021-10-07T10:40:24;;;submitted_via_web;normal80;;73
2021-10-07T15:09:54.989+05:00;2021-10-07T15:14:43.007+05:00;15;Female;No;;20;Faster;No;;;;;;;;;;;;No;;;;2 hours;Yes;Slow;Somewhat agree;117972168;b9abb7b7-310f-48f9-a0df-547c23be6c20;2021-10-07T10:40:24;;;submitted_via_web;normal80;;74
2021-10-07T15:24:35.417+05:00;2021-10-07T15:28:30.695+05:00;17;Female;No;;1;Slower;Yes;Videos;0;0;0;0;0;1;0;0;;Slight impact;Yes;Vedios;Slight impact;;None;Yes;Slow;Somewhat agree;117972170;d34761fd-b63b-49cc-8400-38c727b0250b;2021-10-07T10:40:25;;;submitted_via_web;normal80;;75
2021-10-07T13:53:59.094+05:00;2021-10-07T13:57:54.624+05:00;17;Female;No;;21;Faster;No;;;;;;;;;;;;No;;;;30 minutes;No;Neither slow nor fast;Somewhat agree;117972171;8fd7cbf9-1d66-41da-9bec-5144ce05d495;2021-10-07T10:40:25;;;submitted_via_web;modified90;;76
2021-10-07T14:12:59.453+05:00;2021-10-07T14:17:22.920+05:00;16;Female;No;;4;Faster;Yes;Non-Ad Images;0;0;1;0;0;0;0;0;;Slight impact;No;;;;None;Yes;Slow;Strongly disagree;117972172;27379ee7-180c-48a0-8677-3fb1c34b368d;2021-10-07T10:40:26;;;submitted_via_web;modified90;;77
2021-10-07T14:32:19.797+05:00;2021-10-07T14:34:39.505+05:00;18;Male;Yes;;10;Faster;No;;;;;;;;;;;;No;;;;3 hours;No;Neither slow nor fast;Somewhat agree;117972173;0afd69d9-22e6-420f-be3a-8acc2289c6d3;2021-10-07T10:40:26;;;submitted_via_web;modified90;;78
2021-10-07T14:45:26.955+05:00;2021-10-07T14:47:58.773+05:00;16;Female;Yes;;18;Same;No;;;;;;;;;;;;No;;;;5 hours or more;Yes;Slow;Neither agree nor disagree;117972175;6e44064a-491b-4186-9f1b-28a3a6f6c446;2021-10-07T10:40:30;;;submitted_via_web;modified90;;79
2021-10-07T15:10:02.115+05:00;2021-10-07T15:12:06.981+05:00;15;Female;Yes;;24;Slower;Yes;Ads Videos;0;1;0;0;0;1;0;0;;No impact;No;;;;3 hours;Yes;Neither slow nor fast;Somewhat disagree;117972176;83df4ef1-f2dc-4ef7-83c7-0aa17813e4a8;2021-10-07T10:40:31;;;submitted_via_web;modified90;;80
2021-10-07T15:24:01.317+05:00;2021-10-07T15:26:50.151+05:00;15;Female;Yes;;3;Much slower;Yes;Text Layouts;0;0;0;1;0;0;1;0;;Moderate impact;No;;;;2 hours;No;Fast;Neither agree nor disagree;117972178;5917627a-8abd-4ddb-8ea5-c45f535412f1;2021-10-07T10:40:32;;;submitted_via_web;modified90;;81
2021-10-07T01:49:21.986-07:00;2021-10-07T01:53:19.997-07:00;16;Female;Yes;;22;Same;No;;;;;;;;;;;;No;;;;3 hours;No;Neither slow nor fast;Somewhat agree;117972277;5f94ec6a-28eb-4eb2-ac32-4724534bd472;2021-10-07T10:41:08;;;submitted_via_web;normal80;;82
2021-10-07T02:27:59.780-07:00;2021-10-07T02:31:45.270-07:00;16;Female;Yes;;11;Faster;Yes;Ads;0;1;0;0;0;0;0;0;;Moderate impact;Yes;Ads;Slight impact;;1 hour;No;Neither slow nor fast;Somewhat disagree;117972310;61e31da2-f45c-4ac8-8293-f54cc894bdf2;2021-10-07T10:41:18;;;submitted_via_web;normal80;;83
2021-10-07T02:46:05.490-07:00;2021-10-07T02:48:31.652-07:00;17;Female;Yes;;15;Same;No;;;;;;;;;;;;No;;;;2 hours;No;Neither slow nor fast;Strongly disagree;117972336;61021426-2e5b-4da6-98e3-ee7a72945f4a;2021-10-07T10:41:27;;;submitted_via_web;normal80;;84
2021-10-07T03:09:42.410-07:00;2021-10-07T03:12:41.278-07:00;15;Female;No;;7;Same;No;;;;;;;;;;;;No;;;;30 minutes;No;Neither slow nor fast;Somewhat agree;117972342;b08a60b8-702c-42ab-a523-310b6cd8a717;2021-10-07T10:41:29;;;submitted_via_web;normal80;;85
2021-10-07T03:22:17.739-07:00;2021-10-07T03:25:24.438-07:00;17;Female;Yes;;6;Same;Yes;Ads;0;1;0;0;0;0;0;0;;No impact;Yes;First 2 website were faster than the last 2. ;Slight impact;;30 minutes;No;Neither slow nor fast;Neither agree nor disagree;117972350;4160abe4-735b-4ca8-bc4f-d384933053a6;2021-10-07T10:41:30;;;submitted_via_web;normal80;;86
2021-10-07T02:13:38.656-07:00;2021-10-07T02:18:18.908-07:00;18;Female;No;;3;Faster;No;;;;;;;;;;;;No;;;;1 hour;No;Neither slow nor fast;Somewhat agree;117972406;4b76f776-c65e-4ae0-bd88-78cce5d58354;2021-10-07T10:41:40;;;submitted_via_web;normal80;;87
2021-10-07T13:54:24.906+05:00;2021-10-07T13:58:06.384+05:00;16;Female;No;;24;Much Faster;No;;;;;;;;;;;;Yes;3rd website is not loading .....;No impact;;1 hour;No;Slow;Somewhat agree;117972896;56a9d120-089b-477a-a9f2-4e2fa6816e60;2021-10-07T10:44:19;;;submitted_via_web;normal80;;88
2021-10-07T14:14:30.720+05:00;2021-10-07T14:16:52.685+05:00;17;Female;Yes;;1;Same;No;;;;;;;;;;;;No;;;;2 hours;No;Neither slow nor fast;Somewhat agree;117972900;dc0bde1f-3f2b-4dd9-bda5-d47621f88b32;2021-10-07T10:44:20;;;submitted_via_web;normal80;;89
2021-10-07T13:50:54.317+05:00;2021-10-07T13:53:58.029+05:00;16;Female;No;;20;Much Faster;No;;;;;;;;;;;;No;;;;30 minutes;No;Fast;Somewhat disagree;117973052;f3cac42e-d2e5-4972-9c08-24b8f53a6b03;2021-10-07T10:44:56;;;submitted_via_web;modified90;;90
2021-10-07T14:12:12.068+05:00;2021-10-07T14:15:04.294+05:00;16;Female;No;;7;Same;No;;;;;;;;;;;;No;;;;30 minutes;No;Neither slow nor fast;Strongly agree;117973054;01de7d0b-165f-4c07-ba8b-54b282496ce9;2021-10-07T10:44:56;;;submitted_via_web;modified90;;91
2021-10-07T14:32:46.354+05:00;2021-10-07T14:34:29.305+05:00;16;Female;No;;11;Faster;No;;;;;;;;;;;;No;;;;None;No;Slow;Somewhat agree;117973059;a83a61b0-8c80-40f0-a2fe-ef858e4591de;2021-10-07T10:44:58;;;submitted_via_web;modified90;;92
2021-10-07T14:45:15.328+05:00;2021-10-07T14:47:59.824+05:00;16;Female;Yes;;17;Faster;No;;;;;;;;;;;;No;;;;4 hours;No;Fast;Strongly disagree;117973061;c4af69f1-570d-4067-b181-1e5b9e635c87;2021-10-07T10:45:00;;;submitted_via_web;modified90;;93
2021-10-07T15:07:33.506+05:00;2021-10-07T15:12:27.011+05:00;17;Female;Yes;;23;Faster;No;;;;;;;;;;;;No;;;;30 minutes;Yes;Neither slow nor fast;Somewhat agree;117973063;62fe53f9-5db3-43a0-9872-2d8e8a8d366e;2021-10-07T10:45:00;;;submitted_via_web;modified90;;94
2021-10-07T15:28:03.344+05:00;2021-10-07T15:31:26.463+05:00;16;Female;No;;2;Faster;No;;;;;;;;;;;;No;;;;None;No;Slow;Somewhat agree;117973066;4e5b0762-418a-4589-9768-e29a8875f54c;2021-10-07T10:45:01;;;submitted_via_web;modified90;;95
2021-10-07T15:41:06.863+05:00;2021-10-07T15:44:00.715+05:00;15;Female;No;;1;Much Faster;No;;;;;;;;;;;;No;;;;None;No;Fast;Strongly agree;117973071;e0a26aa1-aa11-4a5f-a4d9-5e5ce00ab5a5;2021-10-07T10:45:03;;;submitted_via_web;modified90;;96
2021-10-07T14:31:15.573+05:00;2021-10-07T14:33:56.208+05:00;16;Female;Yes;;18;Same;Yes;Videos;0;0;0;0;0;1;0;0;;Moderate impact;No;;;;30 minutes;No;Neither slow nor fast;Somewhat agree;117973157;918d9ef0-f793-4452-98e3-29d3bc77c6c4;2021-10-07T10:45:26;;;submitted_via_web;normal80;;97
2021-10-07T14:49:50.989+05:00;2021-10-07T14:52:45.977+05:00;16;Female;No;;16;Faster;No;;;;;;;;;;;;No;;;;30 minutes;No;Neither slow nor fast;Somewhat disagree;117973183;6a4cb25a-0df5-4906-b9b8-6b23b9ee0787;2021-10-07T10:45:32;;;submitted_via_web;normal80;;98
2021-10-07T15:11:46.235+05:00;2021-10-07T15:15:12.826+05:00;17;Female;Yes;;19;Faster;No;;;;;;;;;;;;No;;;;30 minutes;No;Slow;Strongly agree;117973185;57fc0702-baa5-4de8-a50c-1144e704af33;2021-10-07T10:45:33;;;submitted_via_web;normal80;;99
2021-10-07T15:24:22.734+05:00;2021-10-07T15:26:54.509+05:00;17;Female;No;;2;Faster;No;;;;;;;;;;;;No;;;;2 hours;No;Slow;Somewhat agree;117973192;785ac813-8b75-4f7e-9269-084c6a95f48c;2021-10-07T10:45:35;;;submitted_via_web;normal80;;100
2021-10-07T15:40:53.608+05:00;2021-10-07T15:43:05.019+05:00;15;Female;Yes;;24;Much Faster;No;;;;;;;;;;;;No;;;;3 hours;No;Neither slow nor fast;Somewhat agree;117973196;0fea5234-3703-4be3-bf50-724bfc352be7;2021-10-07T10:45:35;;;submitted_via_web;normal80;;101
2021-10-07T13:51:49.941+05:00;2021-10-07T13:55:49.546+05:00;16;Female;No;;19;Much Faster;No;;;;;;;;;;;;No;;;;2 hours;Yes;Fast;Somewhat disagree;117973776;e506d368-837c-4e93-92ca-7d70e9556fa3;2021-10-07T10:47:30;;;submitted_via_web;modified90;;102
2021-10-07T14:15:19.062+05:00;2021-10-07T14:19:27.348+05:00;16;Female;Yes;;4;Same;Yes;Non-Ad Images;0;0;1;0;0;0;0;0;;Slight impact;Yes;Some heading were blink in the second websites without any further information.;Slight impact;;1 hour;Yes;Neither slow nor fast;Somewhat agree;117973784;c662dd95-a757-4c55-a3fd-885fb9696459;2021-10-07T10:47:32;;;submitted_via_web;modified90;;103
2021-10-07T14:30:57.483+05:00;2021-10-07T14:34:00.425+05:00;16;Female;Yes;;8;Much Faster;No;;;;;;;;;;;;No;;;;30 minutes;No;Neither slow nor fast;Strongly agree;117973787;1f3b4b67-bdc3-4bc8-a784-8b84068cc74e;2021-10-07T10:47:33;;;submitted_via_web;modified90;;104
2021-10-07T14:45:51.728+05:00;2021-10-07T14:47:44.479+05:00;16;Female;Yes;;1;Slower;No;;;;;;;;;;;;No;;;;3 hours;No;Fast;Neither agree nor disagree;117973794;c09c1b95-2ac0-4c22-ab2b-1bf9855d1fd0;2021-10-07T10:47:35;;;submitted_via_web;modified90;;105
2021-10-07T15:10:24.192+05:00;2021-10-07T15:12:50.677+05:00;17;Female;Yes;;24;Same;Yes;Ads;0;1;0;0;0;0;0;0;;High impact;No;;;;3 hours;No;Neither slow nor fast;Somewhat agree;117973800;5c6bc76c-4d66-4346-8958-3a6d57a85e1d;2021-10-07T10:47:37;;;submitted_via_web;modified90;;106
2021-10-07T15:28:54.648+05:00;2021-10-07T15:32:10.931+05:00;16;Female;No;;1;Faster;No;;;;;;;;;;;;No;;;;None;No;Very slow;Neither agree nor disagree;117973803;1f4485f1-3eae-4d56-94b5-1b7fd846594d;2021-10-07T10:47:37;;;submitted_via_web;modified90;;107
2021-10-07T15:44:42.174+05:00;2021-10-07T15:46:51.560+05:00;17;Female;Yes;;6;Much Faster;No;;;;;;;;;;;;No;;;;None;No;Fast;Strongly agree;117973808;f05a0761-4d14-483e-82b4-4b909a3c8887;2021-10-07T10:47:38;;;submitted_via_web;modified90;;108
2021-10-08T08:46:35.886+05:00;2021-10-08T08:49:34.307+05:00;18;Male;Yes;;18;Faster;No;;;;;;;;;;;;No;;;;2 hours;No;Neither slow nor fast;Neither agree nor disagree;118133830;4e9341d4-3bcd-4abf-bd8a-285f44cc2008;2021-10-08T08:25:53;;;submitted_via_web;modified90;;109
2021-10-08T09:03:56.356+05:00;2021-10-08T09:06:11.210+05:00;15;Male;Yes;;12;Much Faster;No;;;;;;;;;;;;No;;;;1 hour;Yes;Slow;Somewhat agree;118133831;4b757f04-bc1a-482d-b844-65fbfd6fa0e2;2021-10-08T08:25:54;;;submitted_via_web;modified90;;110
2021-10-08T09:22:05.953+05:00;2021-10-08T09:26:45.839+05:00;16;Female;Yes;;18;Same;No;;;;;;;;;;;;No;;;;1 hour;Yes;Neither slow nor fast;Somewhat agree;118133833;de5b59e7-c744-4924-90b6-dc994e650e2d;2021-10-08T08:25:55;;;submitted_via_web;modified90;;111
2021-10-08T09:32:46.266+05:00;2021-10-08T09:36:55.055+05:00;17;Female;Yes;;24;Faster;No;;;;;;;;;;;;No;;;;30 minutes;No;Slow;Strongly agree;118133838;4b37cc5d-a286-4ce2-b128-a639ef83a46a;2021-10-08T08:25:56;;;submitted_via_web;modified90;;112
2021-10-08T09:57:37.741+05:00;2021-10-08T10:02:56.422+05:00;16;Female;Yes;;3;Same;Yes;Other;0;0;0;0;0;0;0;1;The website was not loading.;Slight impact;Yes;The last website was not loading..;Slight impact;;2 hours;Yes;Slow;Neither agree nor disagree;118133844;518c14cc-6dd3-4d4a-84a2-87612f742d6a;2021-10-08T08:25:57;;;submitted_via_web;modified90;;113
2021-10-08T10:20:11.373+05:00;2021-10-08T10:25:25.963+05:00;17;Female;No;;9;Much Faster;No;;;;;;;;;;;;No;;;;1 hour;Yes;Slow;Strongly agree;118133845;56d6e91b-7fdc-4594-abda-114137058a55;2021-10-08T08:25:57;;;submitted_via_web;modified90;;114
2021-10-08T10:38:50.295+05:00;2021-10-08T10:41:09.164+05:00;17;Female;No;;9;Faster;No;;;;;;;;;;;;No;;;;30 minutes;Yes;Slow;Strongly agree;118133846;a10188bf-5b7a-4192-b4a4-674061c9f146;2021-10-08T08:25:58;;;submitted_via_web;modified90;;115
2021-10-08T10:58:07.214+05:00;2021-10-08T10:59:38.791+05:00;16;Male;Yes;;19;Much Faster;No;;;;;;;;;;;;No;;;;1 hour;Yes;Very slow;Strongly agree;118133849;99102d7d-eba0-40de-8ccd-ff2adce2c706;2021-10-08T08:25:59;;;submitted_via_web;modified90;;116
2021-10-08T11:14:17.740+05:00;2021-10-08T11:17:32.763+05:00;17;Female;Yes;;4;Faster;Yes;Non-Ad Images;0;0;1;0;0;0;0;0;;Slight impact;Yes;Pictures;Slight impact;;30 minutes;Yes;Slow;Somewhat agree;118133851;053fd4fa-3e9d-4300-bbb1-1a37a34dd537;2021-10-08T08:26:00;;;submitted_via_web;modified90;;117
2021-10-08T11:27:57.584+05:00;2021-10-08T11:31:38.946+05:00;18;Female;Yes;;12;Faster;No;;;;;;;;;;;;No;;;;None;Yes;Slow;Strongly agree;118133853;74582f3f-5305-4746-a150-7dd00ac9f26b;2021-10-08T08:26:00;;;submitted_via_web;modified90;;118
2021-10-08T11:48:03.102+05:00;2021-10-08T11:51:31.296+05:00;19;Female;No;;18;Faster;No;;;;;;;;;;;;No;;;;None;Yes;Slow;Strongly agree;118133859;635079ca-2ff6-4aea-a508-b2b497f76eb2;2021-10-08T08:26:01;;;submitted_via_web;modified90;;119
2021-10-08T11:59:45.072+05:00;2021-10-08T12:03:14.477+05:00;18;Male;No;;24;Faster;No;;;;;;;;;;;;No;;;;30 minutes;No;Neither slow nor fast;Somewhat agree;118133862;542d7dc5-f976-4357-88f9-6db25a75670f;2021-10-08T08:26:01;;;submitted_via_web;modified90;;120
2021-10-08T12:14:15.517+05:00;2021-10-08T12:17:05.952+05:00;17;Female;Yes;;1;Much Faster;No;;;;;;;;;;;;No;;;;None;Yes;Slow;Strongly agree;118133864;57713b61-5fde-4f2b-8ac5-f15b8f24219d;2021-10-08T08:26:02;;;submitted_via_web;modified90;;121
2021-10-08T12:35:41.626+05:00;2021-10-08T12:41:56.474+05:00;16;Male;Yes;;9;Same;Yes;Other;0;0;0;0;0;0;0;1;One of the website was blank;Moderate impact;Yes;One of the website was all blank;Moderate impact;;4 hours;Yes;Neither slow nor fast;Neither agree nor disagree;118133865;62b66ec5-256b-41b8-a8cf-455c4e0eefe7;2021-10-08T08:26:03;;;submitted_via_web;modified90;;122
2021-10-08T12:54:49.480+05:00;2021-10-08T12:59:19.467+05:00;15;Female;No;;13;Faster;No;;;;;;;;;;;;No;;;;2 hours;Yes;Very slow;Somewhat agree;118133867;f72e6334-cc47-4b87-ae7f-ce02f45b101f;2021-10-08T08:26:04;;;submitted_via_web;modified90;;123
2021-10-08T13:11:21.428+05:00;2021-10-08T13:13:44.382+05:00;15;Female;No;;19;Faster;No;;;;;;;;;;;;No;;;;30 minutes;Yes;Fast;Somewhat agree;118133871;1ae6d7a5-f0f6-48e4-9e32-a7676eacb4a9;2021-10-08T08:26:05;;;submitted_via_web;modified90;;124
2021-10-08T13:22:31.850+05:00;2021-10-08T13:24:40.497+05:00;15;Female;Yes;;1;Much Faster;No;;;;;;;;;;;;No;;;;3 hours;No;Fast;Neither agree nor disagree;118133874;6938205a-b5db-4d72-adbe-65e77fb58364;2021-10-08T08:26:05;;;submitted_via_web;modified90;;125
2021-10-08T08:48:43.427+05:00;2021-10-08T08:51:07.094+05:00;15;Male;Yes;;2;Faster;No;;;;;;;;;;;;No;;;;30 minutes;No;Fast;Somewhat agree;118133954;5d4e494e-32dd-4892-b149-61b45f40783c;2021-10-08T08:26:29;;;submitted_via_web;normal80;;126
2021-10-08T09:03:47.484+05:00;2021-10-08T09:06:06.303+05:00;16;Female;Yes;;8;Much Faster;No;;;;;;;;;;;;No;;;;5 hours or more;No;Neither slow nor fast;Somewhat disagree;118133959;c52f701c-9594-460b-a089-4fd516fd284c;2021-10-08T08:26:30;;;submitted_via_web;normal80;;127
2021-10-08T09:21:33.271+05:00;2021-10-08T09:26:21.024+05:00;15;Female;No;;20;Much Faster;No;;;;;;;;;;;;No;;;;None;Yes;Neither slow nor fast;Somewhat agree;118133962;547ba686-a452-4e37-acbd-684adea65b35;2021-10-08T08:26:31;;;submitted_via_web;normal80;;128
2021-10-08T09:40:59.094+05:00;2021-10-08T09:44:57.743+05:00;16;Female;No;;20;Faster;No;;;;;;;;;;;;No;;;;None;Yes;Neither slow nor fast;Somewhat agree;118133965;48227ac5-6322-4c0a-98c5-1a842ed1e96a;2021-10-08T08:26:32;;;submitted_via_web;normal80;;129
2021-10-08T10:04:05.622+05:00;2021-10-08T10:07:34.769+05:00;14;Female;No;;5;Faster;Yes;Non-Ad Images;0;0;1;0;0;0;0;0;;Slight impact;Yes;Images;Slight impact;;None;Yes;Very slow;Strongly agree;118133969;17dbf346-9a64-4b4a-881a-c09a1f0ff217;2021-10-08T08:26:32;;;submitted_via_web;normal80;;130
2021-10-08T10:22:27.062+05:00;2021-10-08T10:25:18.354+05:00;16;Female;No;;1;Faster;No;;;;;;;;;;;;No;;;;None;No;Neither slow nor fast;Neither agree nor disagree;118133971;98d984a2-00f1-416e-94d5-c32e69770ecf;2021-10-08T08:26:33;;;submitted_via_web;normal80;;131
2021-10-08T10:37:47.888+05:00;2021-10-08T10:40:55.392+05:00;17;Female;Yes;;18;Same;No;;;;;;;;;;;;No;;;;30 minutes;Yes;Neither slow nor fast;Strongly agree;118133974;9bab142a-ab21-49e6-8e84-f4586d474556;2021-10-08T08:26:34;;;submitted_via_web;normal80;;132
2021-10-08T10:58:06.802+05:00;2021-10-08T11:02:55.715+05:00;17;Male;Yes;;24;Faster;Yes;Non-Ad Images Videos Ads;0;1;1;0;0;1;0;0;;Moderate impact;Yes;Images were missing in 3rd and 4th site. Text and sites were less in 3rd site. Tweets were missing in 4th site.;Moderate impact;;1 hour;Yes;Neither slow nor fast;Somewhat agree;118133976;34f1bf83-a99e-4f44-a556-1b34ec25ad8f;2021-10-08T08:26:34;;;submitted_via_web;normal80;;133
2021-10-08T11:12:50.890+05:00;2021-10-08T11:15:50.554+05:00;17;Female;Yes;;3;Faster;No;;;;;;;;;;;;No;;;;2 hours;Yes;Fast;Neither agree nor disagree;118133979;204a8cdc-d0f9-4ad3-af7f-8c4020878111;2021-10-08T08:26:35;;;submitted_via_web;normal80;;134
2021-10-08T11:27:47.208+05:00;2021-10-08T11:30:33.273+05:00;18;Female;No;;4;Much Faster;No;;;;;;;;;;;;No;;;;None;Yes;Neither slow nor fast;Strongly agree;118133981;6faff55e-10e9-4592-b6c2-1e335431737a;2021-10-08T08:26:35;;;submitted_via_web;normal80;;135
2021-10-08T11:43:56.334+05:00;2021-10-08T11:47:10.941+05:00;17;Female;Yes;;15;Much Faster;No;;;;;;;;;;;;No;;;;1 hour;Yes;Very fast;Neither agree nor disagree;118133984;c4204719-35ef-408e-9c17-b54d28bc9ef8;2021-10-08T08:26:36;;;submitted_via_web;normal80;;136
2021-10-08T11:59:41.856+05:00;2021-10-08T12:02:56.935+05:00;16;Male;Yes;;4;Slower;Yes;Non-Ad Images;0;0;1;0;0;0;0;0;;Slight impact;No;;;;1 hour;Yes;Neither slow nor fast;Somewhat agree;118133990;b484c292-b709-44cd-92bf-656628511f49;2021-10-08T08:26:37;;;submitted_via_web;normal80;;137
2021-10-08T12:17:19.639+05:00;2021-10-08T12:19:51.969+05:00;16;Female;Yes;;4;Same;No;;;;;;;;;;;;No;;;;30 minutes;Yes;Neither slow nor fast;Somewhat disagree;118133993;1f8ef4be-5d80-447e-85bb-db2a5105fb89;2021-10-08T08:26:38;;;submitted_via_web;normal80;;138
2021-10-08T12:34:51.736+05:00;2021-10-08T12:41:28.235+05:00;15;Male;Yes;;12;Same;No;;;;;;;;;;;;No;;;;1 hour;Yes;Very slow;Somewhat agree;118133996;20665a81-0e91-432d-9dd5-aa1eadca5038;2021-10-08T08:26:38;;;submitted_via_web;normal80;;139
2021-10-08T12:58:56.783+05:00;2021-10-08T13:02:26.436+05:00;14;Female;No;;16;Much Faster;No;;;;;;;;;;;;No;;;;None;Yes;Neither slow nor fast;Somewhat agree;118134001;f789683c-d0af-42f3-86b3-624d022e5cdd;2021-10-08T08:26:39;;;submitted_via_web;normal80;;140
2021-10-08T13:21:57.639+05:00;2021-10-08T13:24:37.666+05:00;15;Female;Yes;;4;Faster;No;;;;;;;;;;;;No;;;;3 hours;Yes;Neither slow nor fast;Somewhat disagree;118134009;30b6fdfa-aee0-44e1-ad36-afa57f5db6f2;2021-10-08T08:26:42;;;submitted_via_web;normal80;;141
2021-10-08T13:11:49.682+05:00;2021-10-08T13:13:48.237+05:00;16;Female;Yes;;24;Faster;No;;;;;;;;;;;;No;;;;2 hours;No;Neither slow nor fast;Strongly agree;118134021;c3bd889e-7146-48e7-85af-3b2a069e1e22;2021-10-08T08:26:49;;;submitted_via_web;normal80;;142
2021-10-08T08:47:29.997+05:00;2021-10-08T08:49:41.898+05:00;18;Male;Yes;;9;Faster;No;;;;;;;;;;;;No;;;;1 hour;Yes;Slow;Strongly agree;118134103;754ce9fd-b5ac-41e5-906d-3bab9fc38d8c;2021-10-08T08:27:20;;;submitted_via_web;normal80;;143
2021-10-08T09:03:24.030+05:00;2021-10-08T09:06:26.844+05:00;16;Female;No;;7;Same;No;;;;;;;;;;;;No;;;;1 hour;No;Neither slow nor fast;Somewhat agree;118134105;67a366fe-bb5f-453b-ba05-55438b42c7d8;2021-10-08T08:27:20;;;submitted_via_web;normal80;;144
2021-10-08T09:21:06.066+05:00;2021-10-08T09:24:33.016+05:00;16;Female;Yes;;1;Same;No;;;;;;;;;;;;No;;;;1 hour;Yes;Neither slow nor fast;Strongly disagree;118134109;76396c21-d8aa-49b0-90f7-5e6931b3ff42;2021-10-08T08:27:21;;;submitted_via_web;normal80;;145
2021-10-08T09:35:58.005+05:00;2021-10-08T09:40:19.893+05:00;17;Female;Yes;;19;Same;No;;;;;;;;;;;;No;;;;None;Yes;Neither slow nor fast;Somewhat agree;118134112;b554d86a-33d7-476e-8882-24ab6943c324;2021-10-08T08:27:22;;;submitted_via_web;normal80;;146
2021-10-08T10:01:16.528+05:00;2021-10-08T10:04:51.865+05:00;16;Female;No;;4;Faster;Yes;Other;0;0;0;0;0;0;0;1;The web;Moderate impact;Yes;The web was not opend;Moderate impact;;None;Yes;Neither slow nor fast;Somewhat agree;118134117;abc2d9b1-720c-46c7-a805-2250ef3bc3cb;2021-10-08T08:27:23;;;submitted_via_web;normal80;;147
2021-10-08T10:19:47.535+05:00;2021-10-08T10:22:34.048+05:00;16;Female;No;;11;Same;No;;;;;;;;;;;;No;;;;30 minutes;Yes;Neither slow nor fast;Somewhat disagree;118134120;fa61aba1-3ae6-436e-8729-da7e2a006f2a;2021-10-08T08:27:24;;;submitted_via_web;normal80;;148
2021-10-08T10:37:41.246+05:00;2021-10-08T10:40:31.076+05:00;17;Female;No;;17;Faster;No;;;;;;;;;;;;No;;;;None;No;Fast;Somewhat agree;118134127;325f8859-8dd6-4df6-816a-c9a0c0926a0f;2021-10-08T08:27:24;;;submitted_via_web;normal80;;149
2021-10-08T10:58:21.673+05:00;2021-10-08T11:02:24.284+05:00;18;Male;Yes;;4;Faster;No;;;;;;;;;;;;No;;;;30 minutes;Yes;Neither slow nor fast;Somewhat agree;118134129;88f5d849-3ad8-47fb-9a53-d1fba8436059;2021-10-08T08:27:25;;;submitted_via_web;normal80;;150
2021-10-08T11:12:41.305+05:00;2021-10-08T11:15:33.999+05:00;17;Male;Yes;;4;Same;No;;;;;;;;;;;;No;;;;30 minutes;Yes;Neither slow nor fast;Somewhat agree;118134131;c714b5d6-bb85-417b-a0a0-2c41657f4554;2021-10-08T08:27:26;;;submitted_via_web;normal80;;151
2021-10-08T11:26:50.964+05:00;2021-10-08T11:30:06.609+05:00;16;Female;No;;4;Faster;No;;;;;;;;;;;;No;;;;1 hour;Yes;Neither slow nor fast;Somewhat agree;118134132;cda0c311-a00d-45ae-b2fb-89e46436bfed;2021-10-08T08:27:27;;;submitted_via_web;normal80;;152
2021-10-08T11:49:19.275+05:00;2021-10-08T11:52:18.625+05:00;18;Female;No;;14;Faster;No;;;;;;;;;;;;No;;;;1 hour;Yes;Fast;Strongly disagree;118134135;085eea38-ae66-446d-9768-8f93e99dff32;2021-10-08T08:27:28;;;submitted_via_web;normal80;;153
2021-10-08T11:58:47.341+05:00;2021-10-08T12:01:02.962+05:00;17;Male;Yes;;3;Slower;No;;;;;;;;;;;;No;;;;1 hour;No;Slow;Strongly agree;118134138;a7965046-7add-49c4-aeab-886e5310c901;2021-10-08T08:27:29;;;submitted_via_web;normal80;;154
2021-10-08T12:14:27.170+05:00;2021-10-08T12:19:55.562+05:00;16;Female;Yes;;5;Same;Yes;Text Ads Layouts Videos;0;1;0;1;0;1;1;0;;Moderate impact;Yes;In some websites content was missing along with the content videos were also missing.;High impact;;30 minutes;No;Neither slow nor fast;Somewhat agree;118134139;3ab8d4df-3030-4f0d-aefc-d2c3739b8820;2021-10-08T08:27:29;;;submitted_via_web;normal80;;155
2021-10-08T12:37:08.357+05:00;2021-10-08T12:41:09.719+05:00;16;Male;Yes;;11;Faster;Yes;Nothing was missing;1;0;0;0;0;0;0;0;;High impact;No;;;;30 minutes;Yes;Slow;Strongly agree;118134142;1082da29-d6b9-4278-a2d3-2b67d266396f;2021-10-08T08:27:30;;;submitted_via_web;normal80;;156
2021-10-08T12:54:39.881+05:00;2021-10-08T12:58:28.413+05:00;15;Female;Yes;;19;Faster;Yes;Ads;0;1;0;0;0;0;0;0;;Moderate impact;Yes;Ads were missing;Moderate impact;;1 hour;Yes;Neither slow nor fast;Somewhat agree;118134147;0f230530-c023-4c07-87ce-8785d7a438ba;2021-10-08T08:27:31;;;submitted_via_web;normal80;;157
2021-10-08T13:11:14.788+05:00;2021-10-08T13:14:15.642+05:00;16;Female;Yes;;23;Faster;No;;;;;;;;;;;;No;;;;2 hours;No;Neither slow nor fast;Somewhat agree;118134150;456feceb-a94b-4945-b4d1-cf3d89c4f321;2021-10-08T08:27:32;;;submitted_via_web;normal80;;158
2021-10-08T13:23:03.878+05:00;2021-10-08T13:25:56.548+05:00;16;Female;No;;4;Faster;No;;;;;;;;;;;;No;;;;30 minutes;Yes;Neither slow nor fast;Neither agree nor disagree;118134152;f0e04fc4-2aec-4c9f-9acc-55a7488c7b98;2021-10-08T08:27:32;;;submitted_via_web;normal80;;159
2021-10-08T08:48:31.043+05:00;2021-10-08T08:50:58.800+05:00;19;Male;Yes;;4;Faster;No;;;;;;;;;;;;No;;;;None;No;Fast;Somewhat agree;118134251;8dadadc2-f072-454d-921f-77a7782245ab;2021-10-08T08:28:13;;;submitted_via_web;modified90;;160
2021-10-08T09:02:56.443+05:00;2021-10-08T09:04:34.636+05:00;16;Female;No;;10;Same;No;;;;;;;;;;;;No;;;;1 hour;No;Fast;Neither agree nor disagree;118134256;1ce03097-10f8-4e05-87df-e77c99882c55;2021-10-08T08:28:14;;;submitted_via_web;modified90;;161
2021-10-08T09:21:39.748+05:00;2021-10-08T09:24:45.108+05:00;17;Female;No;;16;Same;No;;;;;;;;;;;;No;;;;30 minutes;Yes;Neither slow nor fast;Neither agree nor disagree;118134260;dc4f5fa0-ca8f-41aa-b696-fba244ace1ca;2021-10-08T08:28:15;;;submitted_via_web;modified90;;162
2021-10-08T09:33:47.003+05:00;2021-10-08T09:37:53.520+05:00;17;Female;No;;3;Faster;No;;;;;;;;;;;;No;;;;None;Yes;Slow;Somewhat agree;118134265;9a97af57-ea48-419b-a8da-9f0136f6aeb3;2021-10-08T08:28:16;;;submitted_via_web;modified90;;163
2021-10-08T09:57:06.804+05:00;2021-10-08T10:00:21.950+05:00;16;Female;No;;1;Faster;No;;;;;;;;;;;;No;;;;5 hours or more;Yes;Slow;Somewhat agree;118134268;01147950-8da6-42cd-98f6-2fbabca605c6;2021-10-08T08:28:16;;;submitted_via_web;modified90;;164
2021-10-08T10:20:18.172+05:00;2021-10-08T10:25:46.556+05:00;15;Female;No;;7;Faster;Yes;Non-Ad Images;0;0;1;0;0;0;0;0;;Moderate impact;Yes;Some images were missing;Moderate impact;;None;No;Slow;Strongly agree;118134280;7c6d30ee-4223-4aaa-85c0-fbf8193d5f43;2021-10-08T08:28:19;;;submitted_via_web;modified90;;165
2021-10-08T10:46:22.824+05:00;2021-10-08T10:49:16.357+05:00;16;Female;Yes;;8;Faster;No;;;;;;;;;;;;No;;;;30 minutes;Yes;Neither slow nor fast;Somewhat agree;118134285;af78ae9f-e9a4-4482-bbb8-9327a9d3b6a9;2021-10-08T08:28:20;;;submitted_via_web;modified90;;166
2021-10-08T10:58:24.127+05:00;2021-10-08T11:01:08.131+05:00;17;Male;Yes;;21;Same;Yes;Text;0;0;0;1;0;0;0;0;;Slight impact;Yes;Video;Moderate impact;;30 minutes;No;Slow;Neither agree nor disagree;118134288;253cd36b-19d0-4321-b1c5-d4a3367296a3;2021-10-08T08:28:20;;;submitted_via_web;modified90;;167
2021-10-08T11:11:33.042+05:00;2021-10-08T11:14:38.801+05:00;18;Female;Yes;;4;Same;Yes;Ads Non-Ad Images;0;1;1;0;0;0;0;0;;Slight impact;No;;;;30 minutes;Yes;Neither slow nor fast;Somewhat agree;118134292;7ee60d23-3b0f-4d53-80e6-d88253efbc4f;2021-10-08T08:28:21;;;submitted_via_web;modified90;;168
2021-10-08T11:28:11.511+05:00;2021-10-08T11:32:07.892+05:00;18;Female;Yes;;4;Faster;No;;;;;;;;;;;;Yes;Images are not that much clear;Moderate impact;;1 hour;Yes;Fast;Somewhat agree;118134296;b21c7a96-ef26-4ed4-b0be-93eb6294459d;2021-10-08T08:28:22;;;submitted_via_web;modified90;;169
2021-10-08T11:46:39.256+05:00;2021-10-08T11:49:40.526+05:00;18;Female;No;;16;Same;Yes;Other;0;0;0;0;0;0;0;1;Pak air Force;Moderate impact;No;;;;None;Yes;Very slow;Somewhat agree;118134298;4a297b45-6468-49fe-a145-c8f263571dc8;2021-10-08T08:28:23;;;submitted_via_web;modified90;;170
2021-10-08T12:03:37.623+05:00;2021-10-08T12:06:46.931+05:00;17;Male;No;;7;Slower;Yes;Non-Ad Images;0;0;1;0;0;0;0;0;;Slight impact;Yes;Pictures;Slight impact;;30 minutes;No;Slow;Strongly agree;118134302;06a63b9d-2e00-453b-bc4f-448a7da03d92;2021-10-08T08:28:24;;;submitted_via_web;modified90;;171
2021-10-08T12:13:48.931+05:00;2021-10-08T12:16:21.452+05:00;17;Female;Yes;;3;Much Faster;No;;;;;;;;;;;;No;;;;2 hours;Yes;Very slow;Somewhat agree;118134305;27695107-5abe-449f-93a5-d53dec9a93c6;2021-10-08T08:28:24;;;submitted_via_web;modified90;;172
2021-10-08T12:35:01.400+05:00;2021-10-08T12:39:39.178+05:00;15;Male;Yes;;8;Faster;No;;;;;;;;;;;;No;;;;4 hours;Yes;Fast;Strongly disagree;118134309;cb9a0e42-b00d-4b31-806a-29860833d211;2021-10-08T08:28:25;;;submitted_via_web;modified90;;173
2021-10-08T13:12:14.737+05:00;2021-10-08T13:14:27.525+05:00;15;Female;Yes;;21;Faster;No;;;;;;;;;;;;No;;;;1 hour;Yes;Neither slow nor fast;Somewhat agree;118134313;27275b06-629e-4d4f-9195-2b17762bb8f1;2021-10-08T08:28:26;;;submitted_via_web;modified90;;174
2021-10-08T13:24:11.718+05:00;2021-10-08T13:27:05.824+05:00;17;Female;No;;11;Faster;No;;;;;;;;;;;;No;;;;None;Yes;Fast;Somewhat agree;118134316;f4803983-3a48-4142-9b11-669e542243a3;2021-10-08T08:28:27;;;submitted_via_web;modified90;;175
2021-10-08T12:51:41.470+05:00;2021-10-08T13:29:14.258+05:00;16;Female;No;;10;Faster;Yes;Non-Ad Images;0;0;1;0;0;0;0;0;;Slight impact;Yes;I choose the the second one because some pictures were missing there;Slight impact;;None;Yes;Neither slow nor fast;Strongly agree;118134466;53970a60-00da-4ab5-a7bb-5ab74dae3f53;2021-10-08T08:29:18;;;submitted_via_web;modified90;;176
2021-10-08T08:45:08.708+05:00;2021-10-08T08:47:33.981+05:00;16;Male;Yes;;5;Faster;No;;;;;;;;;;;;No;;;;2 hours;Yes;Fast;Somewhat agree;118134559;cbab5b84-a9fe-46fd-87bc-314317bc967e;2021-10-08T08:29:51;;;submitted_via_web;modified90;;177
2021-10-08T09:03:12.564+05:00;2021-10-08T09:05:48.625+05:00;15;Female;No;;11;Much Faster;No;;;;;;;;;;;;No;;;;30 minutes;No;Neither slow nor fast;Somewhat disagree;118134563;20946b79-9e03-4af7-aff9-112565ebfd2e;2021-10-08T08:29:51;;;submitted_via_web;modified90;;178
2021-10-08T09:22:11.532+05:00;2021-10-08T09:24:45.289+05:00;17;Female;No;;17;Faster;No;;;;;;;;;;;;No;;;;30 minutes;Yes;Neither slow nor fast;Neither agree nor disagree;118134566;60984681-5bc7-45fc-bc93-9b98501884a1;2021-10-08T08:29:52;;;submitted_via_web;modified90;;179
2021-10-08T09:32:58.694+05:00;2021-10-08T09:36:03.923+05:00;17;Female;No;;4;Much Faster;No;;;;;;;;;;;;No;;;;30 minutes;No;Neither slow nor fast;Strongly disagree;118134568;6987087f-26a0-46b4-955a-845462b834ef;2021-10-08T08:29:53;;;submitted_via_web;modified90;;180
2021-10-08T10:00:38.615+05:00;2021-10-08T10:02:55.522+05:00;16;Female;Yes;;2;Faster;No;;;;;;;;;;;;No;;;;30 minutes;Yes;Neither slow nor fast;Somewhat agree;118134573;04bdddf6-d775-4a9a-a289-6ffbdb0a450a;2021-10-08T08:29:54;;;submitted_via_web;modified90;;181
2021-10-08T10:20:03.404+05:00;2021-10-08T10:23:11.835+05:00;17;Female;No;;8;Faster;No;;;;;;;;;;;;No;;;;1 hour;Yes;Slow;Strongly agree;118134578;03246ca9-ed16-4b63-bfb4-ae6741761ba8;2021-10-08T08:29:54;;;submitted_via_web;modified90;;182
2021-10-08T10:38:21.030+05:00;2021-10-08T10:43:58.514+05:00;17;Female;Yes;;14;Faster;No;;;;;;;;;;;;No;;;;30 minutes;No;Fast;Strongly disagree;118134581;f2e8e03a-1521-4558-bd25-523ba457d9f1;2021-10-08T08:29:55;;;submitted_via_web;modified90;;183
2021-10-08T10:58:16.800+05:00;2021-10-08T11:02:09.304+05:00;17;Male;Yes;;20;Faster;Yes;Layouts Ads Tweets;0;1;0;0;1;0;1;0;;Moderate impact;Yes;The website loaded very slowly and the images basically the ad images were missing;Moderate impact;;5 hours or more;Yes;Very slow;Strongly agree;118134583;df6f4e1c-16a3-48a0-91a2-0c5afaffefd0;2021-10-08T08:29:56;;;submitted_via_web;modified90;;184
2021-10-08T11:14:11.375+05:00;2021-10-08T11:17:20.486+05:00;17;Female;No;;16;Faster;Yes;Ads;0;1;0;0;0;0;0;0;;Moderate impact;Yes;Ads;Moderate impact;;1 hour;Yes;Fast;Neither agree nor disagree;118134585;d7fb9ccf-b33c-4b54-a73b-ced586851784;2021-10-08T08:29:56;;;submitted_via_web;modified90;;185
2021-10-08T11:27:55.584+05:00;2021-10-08T11:31:40.471+05:00;18;Female;Yes;;11;Faster;No;;;;;;;;;;;;No;;;;30 minutes;Yes;Slow;Somewhat agree;118134587;cdbb9784-4352-4f35-8796-f1f6c6480c4d;2021-10-08T08:29:57;;;submitted_via_web;modified90;;186
2021-10-08T11:48:57.499+05:00;2021-10-08T11:52:18.407+05:00;18;Female;Yes;;17;Much Faster;No;;;;;;;;;;;;No;;;;1 hour;Yes;Fast;Somewhat agree;118134588;178db195-8ba0-4039-a19c-14c6a88644e0;2021-10-08T08:29:58;;;submitted_via_web;modified90;;187
2021-10-08T11:59:40.120+05:00;2021-10-08T12:02:46.704+05:00;16;Male;Yes;;12;Same;No;;;;;;;;;;;;No;;;;1 hour;Yes;Neither slow nor fast;Somewhat agree;118134589;400dfe33-094e-49ee-97ae-346d05161f18;2021-10-08T08:29:59;;;submitted_via_web;modified90;;188
2021-10-08T12:17:37.591+05:00;2021-10-08T12:20:24.655+05:00;15;Female;Yes;;2;Faster;No;;;;;;;;;;;;No;;;;2 hours;Yes;Fast;Strongly agree;118134591;48d2f135-2b16-4ece-a723-5dbd7b414ae0;2021-10-08T08:29:59;;;submitted_via_web;modified90;;189
2021-10-08T12:34:46.557+05:00;2021-10-08T12:39:59.071+05:00;17;Female;No;;7;Slower;Yes;Ads Other;0;1;0;0;0;0;0;1;Pictures;Moderate impact;No;;;;None;No;Slow;Strongly agree;118134594;10924712-9e56-4806-a81d-7164b36f5fd1;2021-10-08T08:30:00;;;submitted_via_web;modified90;;190
2021-10-08T12:54:59.764+05:00;2021-10-08T13:01:46.177+05:00;15;Female;No;;14;Much Faster;No;;;;;;;;;;;;Yes;Some websites were showing more vedios and pictures;High impact;;2 hours;Yes;Neither slow nor fast;Somewhat agree;118134598;7c422891-3bd3-44d2-9b60-685e01007359;2021-10-08T08:30:01;;;submitted_via_web;modified90;;191
2021-10-08T13:11:45.010+05:00;2021-10-08T13:14:13.897+05:00;15;Female;Yes;;20;Faster;No;;;;;;;;;;;;No;;;;2 hours;Yes;Neither slow nor fast;Somewhat disagree;118134601;d62cf446-644e-46fc-a8f6-1f1bf259538b;2021-10-08T08:30:02;;;submitted_via_web;modified90;;192
2021-10-08T13:24:02.427+05:00;2021-10-08T13:27:59.944+05:00;-1;Female;No;;13;Faster;No;;;;;;;;;;;;No;;;;1 hour;Yes;Slow;Somewhat agree;118134603;efdfeba8-1632-41ee-8d74-2c119e1268d4;2021-10-08T08:30:03;;;submitted_via_web;modified90;;193
2021-10-07T20:46:55.069-07:00;2021-10-07T20:50:21.322-07:00;16;Male;Yes;;3;Faster;No;;;;;;;;;;;;No;;;;2 hours;No;Neither slow nor fast;Somewhat disagree;118134787;d9e26772-9dee-4448-b126-a37c2f07fc62;2021-10-08T08:31:13;;;submitted_via_web;normal80;;194
2021-10-07T21:04:09.181-07:00;2021-10-07T21:07:37.701-07:00;17;Female;Yes;;14;Much Faster;No;;;;;;;;;;;;No;;;;None;Yes;Neither slow nor fast;Strongly agree;118134790;d86d06f1-e5b9-4001-af94-60f19a16097f;2021-10-08T08:31:14;;;submitted_via_web;normal80;;195
2021-10-07T21:21:28.564-07:00;2021-10-07T21:26:22.365-07:00;16;Female;No;;15;Much Faster;No;;;;;;;;;;;;No;;;;30 minutes;No;Neither slow nor fast;Strongly agree;118134791;5920e4e3-8523-4d64-aa0a-1b8d476fdb0b;2021-10-08T08:31:15;;;submitted_via_web;normal80;;196
2021-10-07T21:58:00.324-07:00;2021-10-07T22:02:13.499-07:00;16;Male;Yes;;6;Faster;No;;;;;;;;;;;;No;;;;2 hours;Yes;Fast;Somewhat agree;118134793;a163c939-f6ae-4443-8590-e8f2c5909db0;2021-10-08T08:31:15;;;submitted_via_web;normal80;;197
2021-10-07T22:21:36.122-07:00;2021-10-07T22:24:40.727-07:00;16;Female;No;;10;Much Faster;No;;;;;;;;;;;;No;;;;30 minutes;No;Neither slow nor fast;Somewhat agree;118134795;0d49134c-94af-499a-8c9f-41f82c0fb67b;2021-10-08T08:31:16;;;submitted_via_web;normal80;;198
2021-10-07T22:38:35.317-07:00;2021-10-07T22:41:27.516-07:00;17;Female;Yes;;16;Much Faster;No;;;;;;;;;;;;No;;;;30 minutes;Yes;Fast;Somewhat disagree;118134797;ac12aca1-0934-4348-89fa-1482fb9c241b;2021-10-08T08:31:17;;;submitted_via_web;normal80;;199
2021-10-07T22:58:38.328-07:00;2021-10-07T23:02:22.046-07:00;16;Male;Yes;;22;Much Faster;No;;;;;;;;;;;;No;;;;2 hours;Yes;Slow;Somewhat agree;118134801;d4a21193-a9b9-486a-b355-618e970bcda4;2021-10-08T08:31:18;;;submitted_via_web;normal80;;200
2021-10-07T23:12:58.791-07:00;2021-10-07T23:15:16.024-07:00;16;Female;Yes;;1;Faster;No;;;;;;;;;;;;No;;;;2 hours;Yes;Neither slow nor fast;Strongly disagree;118134805;168a5666-09e8-49a6-8e83-d980b4df31a4;2021-10-08T08:31:18;;;submitted_via_web;normal80;;201
2021-10-07T23:31:19.270-07:00;2021-10-07T23:34:37.569-07:00;18;Female;Yes;;7;Much Faster;No;;;;;;;;;;;;No;;;;2 hours;Yes;Neither slow nor fast;Strongly agree;118134807;5d0f16a9-2e27-4768-ae10-1c0e37e1df61;2021-10-08T08:31:19;;;submitted_via_web;normal80;;202
2021-10-07T23:49:29.476-07:00;2021-10-07T23:52:34.667-07:00;17;Female;Yes;;13;Same;No;;;;;;;;;;;;No;;;;1 hour;Yes;Neither slow nor fast;Strongly agree;118134811;7fd20481-9cdc-4fb6-a940-52bdf64fd9a1;2021-10-08T08:31:20;;;submitted_via_web;normal80;;203
2021-10-08T00:03:24.170-07:00;2021-10-08T00:07:05.912-07:00;16;Male;No;;19;Faster;No;;;;;;;;;;;;No;;;;1 hour;No;Fast;Strongly agree;118134814;0aabf471-2224-4b97-8784-601f92333ea2;2021-10-08T08:31:21;;;submitted_via_web;normal80;;204
2021-10-08T00:19:10.254-07:00;2021-10-08T00:21:36.221-07:00;15;Female;Yes;;1;Much Faster;No;;;;;;;;;;;;No;;;;5 hours or more;Yes;Neither slow nor fast;Neither agree nor disagree;118134818;c0c0a122-25e0-4c3b-a121-8b42f609c74e;2021-10-08T08:31:21;;;submitted_via_web;normal80;;205
2021-10-08T00:36:55.232-07:00;2021-10-08T00:41:50.162-07:00;16;Female;No;;10;Faster;No;;;;;;;;;;;;No;;;;None;No;Neither slow nor fast;Somewhat agree;118134820;ca85ed28-03cc-44c5-8096-37864e8358d8;2021-10-08T08:31:22;;;submitted_via_web;normal80;;206
2021-10-08T00:54:25.556-07:00;2021-10-08T00:59:59.175-07:00;15;Female;No;;15;Much Faster;No;;;;;;;;;;;;No;;;;1 hour;Yes;Neither slow nor fast;Somewhat agree;118134826;ee544bec-c659-4ae7-ba10-08616d3bff8c;2021-10-08T08:31:23;;;submitted_via_web;normal80;;207
2021-10-08T01:12:11.267-07:00;2021-10-08T01:15:47.853-07:00;16;Female;Yes;;6;Same;No;;;;;;;;;;;;No;;;;2 hours;No;Slow;Somewhat agree;118134832;3f7a4fd2-641b-44ac-87d4-a30128e8f55b;2021-10-08T08:31:24;;;submitted_via_web;normal80;;208
2021-10-08T01:24:30.501-07:00;2021-10-08T01:28:23.345-07:00;15;Female;No;;4;Faster;No;;;;;;;;;;;;No;;;;30 minutes;No;Neither slow nor fast;Somewhat agree;118134836;2cafebfe-4dbc-44ad-8774-65e43604fb03;2021-10-08T08:31:24;;;submitted_via_web;normal80;;209